{
	"num_layers" : 7, 
	"input_dims" : 4,
    "input_shape" : [1, 1, 1, 5],
	"input_size" : 5,
	"output_dims" : 1,
    "output_shape" : [5],
	"output_size" : 5, 
	"max_layer_size" : 50,
	"layers_size" : [5, 50, 50, 50, 50, 50, 50, 5],
	"min_inputs" :   [0.0,           -3.141593,     -3.141593,      100.0,   0.0],
	"max_inputs" :   [60760.0,        3.141593,      3.141593,      1200.0,  1200.0],
	"mean_inputs" :  [1.9791091e+04,  0.0,           0.0,           650.0,   600.0],
	"range_inputs" : [60261.0,        6.28318530718, 6.28318530718, 1100.0,  1200.0],
	"name_inputs" :  ["rho",          "theta",       "psi",         "v_own", "v_int"],
	"mean_all_outputs" :  7.5188840201005975,
	"range_all_outputs" : 373.94992
}